{
    "DBLP": [
        [
            0.0001,
            0.0006000000000000001,
            0.0011,
            0.0016,
            0.0021,
            0.0026,
            0.0031,
            0.0036,
            0.0041,
            0.004600000000000001,
            0.0051,
            0.0056,
            0.0061,
            0.006600000000000001,
            0.0071,
            0.0076,
            0.0081,
            0.0086,
            0.0091,
            0.0096
        ],
        [
            0.6899953342664801,
            0.8390988468972872,
            0.8607611810971139,
            0.8761914283809905,
            0.8875891488368993,
            0.8965206958608278,
            0.9029860694527762,
            0.9111844297807106,
            0.9165500233286676,
            0.9232820102646138,
            0.9256482036925948,
            0.9320135972805439,
            0.9340465240285276,
            0.9357128574285143,
            0.9372125574885023,
            0.9391121775644871,
            0.9406118776244751,
            0.9414783709924682,
            0.9424448443644604,
            0.945510897820436
        ]
    ],
    "Epinions": [
        [
            0.0001,
            0.0006000000000000001,
            0.0011,
            0.0016,
            0.0021,
            0.0026,
            0.0031,
            0.0036,
            0.0041,
            0.004600000000000001,
            0.0051,
            0.0056,
            0.0061,
            0.006600000000000001,
            0.0071,
            0.0076,
            0.0081,
            0.0086,
            0.0091,
            0.0096
        ],
        [
            0.969214753123141,
            0.9953896490184414,
            0.9953896490184414,
            0.9953896490184414,
            0.9953896490184414,
            0.9953896490184414,
            0.9953896490184414,
            0.9953896490184414,
            0.9953896490184414,
            0.9967281380130875,
            0.9967281380130875,
            0.9967281380130875,
            0.9967281380130875,
            0.9967281380130875,
            0.9967281380130875,
            0.9967281380130875,
            0.9967281380130875,
            0.9967281380130875,
            0.9967281380130875,
            0.9967281380130875
        ]
    ],
    "LiveJournal": [
        [
            0.0001,
            0.0006000000000000001,
            0.0011,
            0.0016,
            0.0021,
            0.0026,
            0.0031,
            0.0036,
            0.0041,
            0.004600000000000001,
            0.0051,
            0.0056,
            0.0061,
            0.006600000000000001,
            0.0071,
            0.0076,
            0.0081,
            0.0086,
            0.0091,
            0.0096
        ],
        [
            0.8200493896656983,
            0.8922826134303703,
            0.9132715459903566,
            0.9257864985943715,
            0.9298752190535546,
            0.9342805828918755,
            0.9357448491001632,
            0.9383182048163301,
            0.9415407632278191,
            0.9441744319685836,
            0.9471934339220555,
            0.9487205261976324,
            0.9509412182560824,
            0.9517998411757019,
            0.9533629537298579,
            0.9542550838853651,
            0.9552678400900675,
            0.9564447817506191,
            0.9574768046159569,
            0.9585750042721726
        ]
    ],
    "Orkut": [
        [
            0.0001,
            0.0006000000000000001,
            0.0011,
            0.0016,
            0.0021,
            0.0026,
            0.0031,
            0.0036,
            0.0041,
            0.004600000000000001,
            0.0051,
            0.0056,
            0.0061,
            0.006600000000000001,
            0.0071,
            0.0076,
            0.0081,
            0.0086,
            0.0091,
            0.0096
        ],
        [
            0.8256155019764765,
            0.869500007761815,
            0.8995816182707552,
            0.9708860290912825,
            0.977173099221072,
            0.9790562349465569,
            0.9814639897559964,
            0.9845054271008348,
            0.9866437076160123,
            0.9902985273647762,
            0.9909541021988226,
            0.9929076913217734,
            0.9929383405398801,
            0.9934406692833934,
            0.9941523680103364,
            0.9944497052301497,
            0.9950515444220612,
            0.9954467999230984,
            0.995740952808563,
            0.9963348311646026
        ]
    ],
    "Pokec": [
        [
            0.0001,
            0.0006000000000000001,
            0.0011,
            0.0016,
            0.0021,
            0.0026,
            0.0031,
            0.0036,
            0.0041,
            0.004600000000000001,
            0.0051,
            0.0056,
            0.0061,
            0.006600000000000001,
            0.0071,
            0.0076,
            0.0081,
            0.0086,
            0.0091,
            0.0096
        ],
        [
            0.5169847100889913,
            0.8196854544297332,
            0.9005788591562397,
            0.9299526565995982,
            0.94031239137211,
            0.9508695943090001,
            0.9572375346181276,
            0.9624451454654945,
            0.9656307475883589,
            0.9679269269873702,
            0.970360191723636,
            0.9724605349265696,
            0.974459696094863,
            0.9764017383726339,
            0.9779129410190337,
            0.9793392813137998,
            0.9807101346863438,
            0.9817121632229415,
            0.9825999539784939,
            0.9833832987628048
        ]
    ],
    "Slashdot": [
        [
            0.0001,
            0.0006000000000000001,
            0.0011,
            0.0016,
            0.0021,
            0.0026,
            0.0031,
            0.0036,
            0.0041,
            0.004600000000000001,
            0.0051,
            0.0056,
            0.0061,
            0.006600000000000001,
            0.0071,
            0.0076,
            0.0081,
            0.0086,
            0.0091,
            0.0096
        ],
        [
            0.8484324858059739,
            0.9998354315806797,
            0.9998354315806797,
            0.9998354315806797,
            0.9998354315806797,
            0.9998354315806797,
            0.9998354315806797,
            0.9998354315806797,
            0.9998354315806797,
            0.9998354315806797,
            0.9998354315806797,
            0.9998354315806797,
            0.9998354315806797,
            0.9998354315806797,
            0.9998354315806797,
            0.9998354315806797,
            0.9998354315806797,
            0.9998354315806797,
            0.9998354315806797,
            0.9998354315806797
        ]
    ],